Station,Latitude,Longitude,Line,Colour,Distance,Extra,,,,,,
Abbey Road,51.531952,0.003723,DLR,Teal,8.542047756,,,,,,,
Acton Central,51.50883531,-0.263033174,Overground,Orange,10.21341501,,,,,,,
Acton Town,51.5025,-0.278126,District,Green,11.30270408,,,,,,,
Acton Town,51.5025,-0.278126,Piccadilly,Navy,11.30270408,,,,,,,
Aldgate,51.51394,-0.07537,Circle,Yellow,2.787583783,,,,,,,
Aldgate,51.51394,-0.07537,Metropolitation,Purple,2.787583783,,,,,,,
Aldgate East,51.51514,-0.07178,District,Green,3.047296449,,,,,,,
Aldgate East,51.51514,-0.07178,Hammersmith & City,Pink,3.047296449,,,,,Central Lat,,51.512092
All Saints,51.510301,-0.012832,DLR,Teal,7.110745596,,,,,Central Long,,-0.115543
Alperton,51.54097,-0.30061,Piccadilly,Navy,13.19950401,,,,,,,
Anerley,51.412151,-0.065886,Overground,Orange,11.63321905,N,,,,,,
Angel,51.53253,-0.10579,Northern,Black,2.370662991,,,,,,,
Archway,51.56536,-0.13474,Northern,Black,6.070112086,,,,,,,
Arnos Grove,51.61625,-0.13355,Piccadilly,Navy,11.64853267,,,,,,,
Arsenal,51.55847,-0.10561,Piccadilly,Navy,5.202561661,,,,,,,
Baker Street,51.52265,-0.15704,Bakerloo,Brown,3.102079798,,,,,,,
Baker Street,51.52265,-0.15704,Circle,Yellow,3.102079798,,,,,,,
Baker Street,51.52265,-0.15704,Hammersmith & City,Pink,3.102079798,,,,,,,
Baker Street,51.52265,-0.15704,Jubilee,Grey,3.102079798,,,,,,,
Baker Street,51.52265,-0.15704,Metropolitation,Purple,3.102079798,,,,,,,
Balham,51.44344113,-0.152945844,Northern,Black,8.061138877,,,,,,,
Bank,51.5134047,-0.08905843,Central,Red,1.838564841,,,,,,,
Bank,51.5134047,-0.08905843,DLR,Teal,1.838564841,,,,,,,
Bank,51.5134047,-0.08905843,Northern,Black,1.838564841,,,,,,,
Bank,51.5134047,-0.08905843,Waterloo & City,Mint,1.838564841,,,,,,,
Barbican,51.520865,-0.097758,Circle,Yellow,1.57038299,,,,,,,
Barbican,51.520865,-0.097758,Hammersmith & City,Pink,1.57038299,,,,,,,
Barbican,51.520865,-0.097758,Metropolitation,Purple,1.57038299,,,,,,,
Barking,51.54079,0.08018,District,Green,13.91111737,,,,,,,
Barking,51.54079,0.08018,Hammersmith & City,Pink,13.91111737,,,,,,,
Barking,51.54079,0.08018,Overground,Orange,13.91111737,,,,,,,
Barkingside,51.58543,0.08854,Central,Red,16.29840485,,,,,,,
Barons Court,51.490281,-0.21434,District,Green,7.255917654,,,,,,,
Barons Court,51.490281,-0.21434,Piccadilly,Navy,7.255917654,,,,,,,
Bayswater,51.51224,-0.187569,Circle,Yellow,4.984369485,,,,,,,
Bayswater,51.51224,-0.187569,District,Green,4.984369485,,,,,,,
Beckton,51.514411,0.06164,DLR,Teal,12.2638322,,,,,,,
Beckton Park,51.508758,0.054778,DLR,Teal,11.79282843,,,,,,,
Becontree,51.54029,0.1262,District,Green,17.01532474,,,,,,,
Belsize Park,51.55036,-0.16465,Northern,Black,5.44477566,,,,,,,
Bermondsey,51.49813,-0.0635,Jubilee,Grey,3.922363584,,,,,,,
Bethnal Green,51.523916,-0.059568,Overground,Orange,4.090159294,,,,,,,
Bethnal Green,51.52718,-0.05504,Central,Red,4.50991387,,,,,,,
Blackfriars,51.5114403,-0.1041905,Circle,Yellow,0.788957531,,,,,,,
Blackfriars,51.5114403,-0.1041905,District,Green,0.788957531,,,,,,,
Blackhorse Road,51.58698,-0.04104,Overground,Orange,9.791827083,N,,,,,,
Blackhorse Road,51.58698,-0.04104,Victoria,Blue,9.791827083,,,,,,,
Blackwall,51.507903,-0.007438,DLR,Teal,7.495922757,,,,,,,
Bond Street,51.51461,-0.14897,Central,Red,2.330038305,,,,,,,
Bond Street,51.51461,-0.14897,Jubilee,Grey,2.330038305,,,,,,,
Borough,51.50095,-0.09446,Northern,Black,1.914190032,,,,,,,
Boston Manor,51.495371,-0.325573,Piccadilly,Navy,14.65559788,,,,,,,
Bounds Green,51.607,-0.12418,Piccadilly,Navy,10.57016502,,,,,,,
Bow Church,51.5289,-0.021,DLR,Teal,6.803124744,,,,,,,
Bow Road,51.52709,-0.02482,District,Green,6.494945813,,,,,,,
Bow Road,51.52709,-0.02482,Hammersmith & City,Pink,6.494945813,,,,,,,
Brent Cross,51.57693,-0.21414,Northern,Black,9.923095462,,,,,,,
Brixton,51.46239,-0.115421,Victoria,Blue,5.526616699,,,,,,,
Brockley,51.464647,-0.037537,Overground,Orange,7.550039096,,,,,,,
Bromley-by-Bow,51.52466,-0.01282,District,Green,7.243750399,,,,,,,
Bromley-by-Bow,51.52466,-0.01282,Hammersmith & City,Pink,7.243750399,,,,,,,
Brondesbury,51.54505,-0.20297,Overground,Orange,7.071640018,,,,,,,
Brondesbury Park,51.5406,-0.21093,Overground,Orange,7.320807544,,,,,,,
Bruce Grove,51.593958,-0.069867,Overground,Orange,9.635315572,N,,,,,,
Buckhurst Hill,51.62611,0.04705,Central,Red,16.94174582,,,,,,,
Burnt Oak,51.603,-0.26427,Northern,Black,14.41874623,,,,,,,
Bush Hill Park,51.641517,-0.069221,Overground,Orange,14.7431008,N,,,,,,
Bushey,51.64575,-0.385321,Overground,Orange,23.84108513,N,,,,,,
Caledonian Road,51.5485,-0.11802,Piccadilly,Navy,4.052009297,,,,,,,
Caledonian Road & Barnesbury,51.54326,-0.11544,Overground,Orange,3.465730798,,,,,,,
Cambridge Heath,51.531971,-0.057279,Overground,Orange,4.597381928,N,,,,,,
Camden Road,51.54192,-0.13981,Overground,Orange,3.717383541,,,,,,,
Camden Town,51.5393,-0.14316,Northern,Black,3.578173234,,,,,,,
Canada Water,51.49787,-0.04967,Jubilee,Grey,4.825736781,,,,,,,
Canada Water,51.49787,-0.04967,Overground,Orange,4.825736781,,,,,,,
Canary Wharf,51.505946,-0.020493,DLR,Teal,6.613507433,,,,,,,
Canary Wharf,51.50362,-0.01987,Jubilee,Grey,6.688065694,,,,,,,
Canning Town,51.51388,0.008876,DLR,Teal,8.612181546,,,,,,,
Canning Town,51.51388,0.008876,Jubilee,Grey,8.612181546,,,,,,,
Cannon Street,51.51141,-0.09047,Circle,Yellow,1.736773718,,,,,,,
Cannon Street,51.51141,-0.09047,District,Green,1.736773718,,,,,,,
Canonbury,51.54822,-0.09632,Overground,Orange,4.231609625,,,,,,,
Canons Park,51.6081,-0.29487,Jubilee,Grey,16.3599198,,,,,,,
Carpenders Park,51.62835,-0.385939,Overground,Orange,22.72352364,N,,,,,,
Chalk Farm,51.5439,-0.15384,Northern,Black,4.419095808,,,,,,,
Chancery Lane,51.51836,-0.11115,Central,Red,0.760376967,,,,,,,
Charing Cross,51.507108,-0.122963,Bakerloo,Brown,0.75552817,,,,,,,
Charing Cross,51.507108,-0.122963,Northern,Black,0.75552817,,,,,,,
Cheshunt,51.702875,-0.02396,Overground,Orange,22.13677121,N,,,,,,
Chigwell,51.61795,0.07511,Central,Red,17.66973194,,,,,,,
Chingford,51.633085,0.009897,Overground,Orange,16.0049814,N,,,,,,
Chiswick Park,51.49466,-0.26866,District,Green,10.77384437,,,,,,,
Clapham Common,51.46156,-0.13802,Northern,Black,5.83045328,,,,,,,
Clapham High Street,51.465479,-0.132522,Overground,Orange,5.314774088,N,,,,,,
Clapham Junction,51.464187,-0.170293,Overground,Orange,6.537961043,N,,,,,,
Clapham North,51.46522,-0.1295,Northern,Black,5.30075776,,,,,,,
Clapham South,51.45292257,-0.147562148,Northern,Black,6.942897911,,,,,,,
Clapton,51.561642,-0.057025,Overground,Orange,6.836523464,N,,,,,,
Cockfosters,51.65117,-0.14811,Piccadilly,Navy,15.62762678,,,,,,,
Colindale,51.59556,-0.24996,Northern,Black,13.1342475,,,,,,,
Colliers Wood,51.41823649,-0.17800983,Northern,Black,11.29782472,,,,,,,
Covent Garden,51.51308,-0.12427,Piccadilly,Navy,0.613831375,,,,,,,
Crossharbour,51.495086,-0.014543,DLR,Teal,7.241955599,,,,,,,
Crouch Hill,51.5713,-0.117149,Overground,Orange,6.584565999,N,,,,,,
Croxley,51.64733268,-0.441479115,Metropolitation,Purple,27.08100136,,,,,,,
Crystal Palace,51.418107,-0.07261,Overground,Orange,10.86561355,N,,,,,,
Custom House,51.509731,0.026013,DLR,Teal,9.799742283,,,,,,,
Cutty Sark,51.481713,-0.010811,DLR,Teal,7.998413785,,,,,,,
Cyprus,51.50836,0.06399,DLR,Teal,12.431495,,,,,,,
Dagenham East,51.54396,0.16439,District,Green,19.68670437,,,,,,,
Dagenham Heathway,51.54173,0.14543,District,Green,18.35232003,,,,,,,
Dalston Junction,51.546114,-0.075138,Overground,Orange,4.703620281,N,,,,,,
Dalston Kingsland,51.54832,-0.07879,Overground,Orange,4.76355167,,,,,,,
Debden,51.64535,0.08364,Central,Red,20.22376946,,,,,,,
Denmark Hill,51.468201,-0.089361,Overground,Orange,5.206228624,N,,,,,,
Deptford Bridge,51.478016,-0.022496,DLR,Teal,7.473249419,,,,,,,
Devons Road,51.522274,-0.01708,DLR,Teal,6.906516311,,,,,,,
Dollis Hill,51.5525,-0.23884,Jubilee,Grey,9.639811744,,,,,,,
Ealing Broadway,51.51482,-0.30118,Central,Red,12.8496635,,,,,,,
Ealing Broadway,51.51482,-0.30118,District,Green,12.8496635,,,,,,,
Ealing Common,51.50997,-0.28825,District,Green,11.95429194,,,,,,,
Ealing Common,51.50997,-0.28825,Piccadilly,Navy,11.95429194,,,,,,,
Earl's Court,51.491521,-0.193906,District,Green,5.886688936,,,,,,,
Earl's Court,51.491521,-0.193906,Piccadilly,Navy,5.886688936,,,,,,,
East Acton,51.51753,-0.24827,Central,Red,9.204321563,,,,,,,
East Finchley,51.58729747,-0.164956323,Northern,Black,9.033524238,,,,,,,
East Ham,51.53931,0.0526,District,Green,12.01963994,,,,,,,
East Ham,51.53931,0.0526,Hammersmith & City,Pink,12.01963994,,,,,,,
East India,51.509516,-0.002128,DLR,Teal,7.854002524,,,,,,,
East Putney,51.459015,-0.211138,District,Green,8.868286107,,,,,,,
Eastcote,51.57676,-0.39629,Metropolitation,Purple,20.70334896,,,,,,,
Eastcote,51.57676,-0.39629,Piccadilly,Navy,20.70334896,,,,,,,
Edgware,51.61385,-0.27515,Northern,Black,15.80351411,,,,,,,
Edgware Road,51.520195,-0.166986,Circle,Yellow,3.671908298,,,,,,,
Edgware Road,51.520195,-0.166986,District,Green,3.671908298,,,,,,,
Edgware Road,51.520195,-0.166986,Hammersmith & City,Pink,3.671908298,,,,,,,
Edgware Road,51.51956,-0.169068,Bakerloo,Brown,3.795688541,,,,,,,
Edmonton Green,51.624927,-0.061112,Overground,Orange,13.09856226,N,,,,,,
Elephant & Castle,51.49467,-0.10047,Bakerloo,Brown,2.200302235,,,,,,,
Elephant & Castle,51.49467,-0.10047,Northern,Black,2.200302235,,,,,,,
Elm Park,51.54969,0.19779,District,Green,22.07385521,,,,,,,
Elverson Road,51.468768,-0.016265,DLR,Teal,8.393603868,,,,,,,
Embankment,51.50717,-0.12195,Bakerloo,Brown,0.704374924,,,,,,,
Embankment,51.50717,-0.12195,Circle,Yellow,0.704374924,,,,,,,
Embankment,51.50717,-0.12195,District,Green,0.704374924,,,,,,,
Embankment,51.50717,-0.12195,Northern,Black,0.704374924,,,,,,,
Emerson Park,51.56864,0.220113,Overground,Orange,24.05017414,N,,,,,,
Enfield Town,51.652024,-0.079328,Overground,Orange,15.75965271,N,,,,,,
Epping,51.69365,0.11495,Central,Red,25.70943815,,,,,,,
Euston,51.52774,-0.13303,Northern,Black,2.119304855,,,,,,,
Euston,51.52774,-0.13303,Overground,Orange,2.119304855,N,,,,,,
Euston,51.52774,-0.13303,Victoria,Blue,2.119304855,,,,,,,
Euston Square,51.52584,-0.1357,Circle,Yellow,2.069329688,,,,,,,
Euston Square,51.52584,-0.1357,Hammersmith & City,Pink,2.069329688,,,,,,,
Euston Square,51.52584,-0.1357,Metropolitation,Purple,2.069329688,,,,,,,
Fairlop,51.59634,0.09125,Central,Red,17.09298635,,,,,,,
Farringdon,51.520086,-0.104789,Hammersmith & City,Pink,1.159251912,,,,,,,
Farringdon,51.52036295,-0.105126482,Metropolitation,Purple,1.168481112,,,,,,,
Finchley Central,51.60102,-0.1924,Northern,Black,11.22551903,,,,,,,
Finchley Road,51.546701,-0.179867,Jubilee,Grey,5.882964754,,,,,,,
Finchley Road,51.546701,-0.179867,Metropolitation,Purple,5.882964754,,,,,,,
Finchley Road and Frognal,51.54994,-0.18412,Overground,Orange,6.341467601,,,,,,,
Finsbury Park,51.56498,-0.10543,Piccadilly,Navy,5.922324381,,,,,,,
Finsbury Park,51.56498,-0.10543,Victoria,Blue,5.922324381,,,,,,,
Forest Hill,51.439278,-0.053157,Overground,Orange,9.177278527,N,,,,,,
Fulham Broadway,51.48033,-0.19488,District,Green,6.529753907,,,,,,,
Gallions Reach,51.509111,0.071911,DLR,Teal,12.97686588,,,,,,,
Gants Hill,51.57649,0.06637,Central,Red,14.47511042,,,,,,,
Gloucester Road,51.49408266,-0.17295341,Circle,Yellow,4.449779297,,,,,,,
Gloucester Road,51.49408266,-0.17295341,District,Green,4.449779297,,,,,,,
Gloucester Road,51.49408266,-0.17295341,Piccadilly,Navy,4.449779297,,,,,,,
Golders Green,51.57249,-0.1941,Northern,Black,8.638186471,,,,,,,
Goldhawk Road,51.501248,-0.226776,Circle,Yellow,7.792331559,,,,,,,
Goldhawk Road,51.501248,-0.226776,Hammersmith & City,Pink,7.792331559,,,,,,,
Goodge Street,51.5206,-0.13441,Northern,Black,1.612256495,,,,,,,
Gospel Oak,51.55597,-0.15228,Overground,Orange,5.50106328,,,,,,,
Grange Hill,51.61326,0.09258,Central,Red,18.2625489,,,,,,,
Great Portland Street,51.52391,-0.14397,Circle,Yellow,2.365537369,,,,,,,
Great Portland Street,51.52391,-0.14397,Hammersmith & City,Pink,2.365537369,,,,,,,
Great Portland Street,51.52391,-0.14397,Metropolitation,Purple,2.365537369,,,,,,,
Green Park,51.50674,-0.14276,Jubilee,Grey,1.975361164,,,,,,,
Green Park,51.50674,-0.14276,Piccadilly,Navy,1.975361164,,,,,,,
Green Park,51.50674,-0.14276,Victoria,Blue,1.975361164,,,,,,,
Greenford,51.542346,-0.345903,Central,Red,16.28730247,,,,,,,
Greenwich,51.478016,-0.015391,DLR,Teal,7.901141425,,,,,,,
Gunnersbury,51.491676,-0.275286,Overground,Orange,11.28766699,N,,,,,,
Gunnersbury,51.49126844,-0.275554312,District,Green,11.31509532,,,,,,,
Hackney Central,51.54689,-0.05784,Overground,Orange,5.559241858,,,,,,,
Hackney Downs,51.548756,-0.060819,Overground,Orange,5.563331411,N,,,,,,
Hackney Wick,51.54348,-0.02474,Overground,Orange,7.186084236,,,,,,,
Haggerston,51.538704,-0.075667,Overground,Orange,4.045589626,N,,,,,,
Hainault,51.60288,0.09332,Central,Red,17.61836649,,,,,,,
Hammersmith,51.492328,-0.222825,District,Green,7.744123483,,,,,,,
Hammersmith,51.492328,-0.222825,Piccadilly,Navy,7.744123483,,,,,,,
Hammersmith,51.49419075,-0.225964953,Circle,Yellow,7.897886276,,,,,,,
Hammersmith,51.49419075,-0.225964953,Hammersmith & City,Pink,7.897886276,,,,,,,
Hampstead,51.55645,-0.17851,Northern,Black,6.580067169,,,,,,,
Hampstead Heath,51.55533,-0.16656,Overground,Orange,5.963880207,,,,,,,
Hanger Lane,51.53,-0.2929,Central,Red,12.43157833,,,,,,,
Harginay Green Lanes,51.6025,-0.356908,Overground,Orange,19.48065484,N,,,,,,
Harlesden,51.53628278,-0.257622488,Bakerloo,Brown,10.19099064,,,,,,,
Harlesden,51.53628278,-0.257622488,Overground,Orange,10.19099064,N,,,,,,
Harrow & Wealdstone,51.59205973,-0.334725352,Bakerloo,Brown,17.57066198,,,,,,,
Harrow & Wealdstone,51.59205973,-0.334725352,Overground,Orange,17.57066198,N,,,,,,
Harrow-on-the-Hill,51.579335,-0.337052,Metropolitation,Purple,17.04507046,,,,,,,
Hatch End,51.609829,-0.369179,Overground,Orange,20.62829486,N,,,,,,
Hatton Cross,51.466988,-0.423035,Piccadilly,Navy,21.87237846,,,,,,,
Headstone Lane,51.6025,-0.356908,Overground,Orange,19.48065484,,,,,,,
Heathrow Terminal 4,51.4594777,-0.44689658,Piccadilly,Navy,23.67774321,,,,,,,
Heathrow Terminals 1-2-3,51.4712899,-0.4527438,Piccadilly,Navy,23.78220596,,,,,,,
Hendon Central,51.58346,-0.22653,Northern,Black,11.0396748,,,,,,,
Heron Quays,51.5046489,-0.0207681,DLR,Teal,6.611166932,,,,,,,
High Barnet,51.6506519,-0.194138166,Northern,Black,16.33623806,,,,,,,
High Street Kensington,51.50034591,-0.192351664,Circle,Yellow,5.474105394,,,,,,,
High Street Kensington,51.50034591,-0.192351664,District,Green,5.474105394,,,,,,,
Highams Park,51.608356,-0.000135,Overground,Orange,13.3501321,,,,,,,
Highbury & Islington,51.54502,-0.10752,Overground,Orange,3.703252347,,,,,,,
Highbury & Islington,51.54502,-0.10752,Victoria,Blue,3.703252347,,,,,,,
Highgate,51.57722,-0.14553,Northern,Black,7.53294807,,,,,,,
Hillingdon,51.55364,-0.45062,Metropolitation,Purple,23.633391,,,,,,,
Hillingdon,51.55364,-0.45062,Piccadilly,Navy,23.633391,,,,,,,
Holborn,51.51711,-0.12055,Central,Red,0.656797453,,,,,,,
Holborn,51.51711,-0.12055,Piccadilly,Navy,0.656797453,,,,,,,
Holland Park,51.50722,-0.20553,Central,Red,6.251140841,,,,,,,
Holloway Road,51.5529,-0.11278,Piccadilly,Navy,4.541665643,,,,,,,
Homerton,51.5471,-0.04323,Overground,Orange,6.33846127,,,,,,,
Honor Oak Park,51.608356,-0.000135,Overground,Orange,13.3501321,N,,,,,,
Hornchurch,51.55387,0.21797,District,Green,23.53228342,,,,,,,
Hounslow Central,51.47129,-0.365853,Piccadilly,Navy,17.9137789,,,,,,,
Hounslow East,51.47354,-0.356,Piccadilly,Navy,17.19024431,,,,,,,
Hounslow West,51.473689,-0.386471,Piccadilly,Navy,19.23662292,,,,,,,
Hoxton,51.531392,-0.075586,Overground,Orange,3.499738164,N,,,,,,
Hyde Park Corner,51.50313,-0.15278,Piccadilly,Navy,2.763092432,,,,,,,
Ickenham,51.56147,-0.44257,Metropolitation,Purple,23.27553549,,,,,,,
Ickenham,51.56147,-0.44257,Piccadilly,Navy,23.27553549,,,,,,,
Imperial Wharf,51.531392,-0.075586,Overground,Orange,3.499738164,N,,,,,,
Island Gardens,51.488001,-0.011039,DLR,Teal,7.713878796,,,,,,,
Kennington,51.48823,-0.10587,Northern,Black,2.736512025,,,,,,,
Kensal Green,51.53060655,-0.224253545,Bakerloo,Brown,7.798130125,,,,,,,
Kensal Green,51.530524,-0.224713,Overground,Orange,7.826393401,N,,,,,,
Kensal Rise,51.53387,-0.22145,Overground,Orange,7.717028083,,,,,,,
Kensington (Olympia),51.49675,-0.20931,District,Green,6.710434195,,,,,,,
Kensington (Olympia),51.49675,-0.20931,Overground,Orange,6.710434195,N,,,,,,
Kentish Town,51.55046,-0.14067,Northern,Black,4.606795784,,,,,,,
Kentish Town West,51.54776,-0.14708,Overground,Orange,4.526500934,,,,,,,
Kenton,51.581496,-0.315217,Overground,Orange,15.81771196,N,,,,,,
Kenton,51.58173809,-0.316870809,Bakerloo,Brown,15.93067091,,,,,,,
Kew Gardens,51.47725641,-0.284980014,District,Green,12.35290741,,,,,,,
Kew Gardens,51.47725641,-0.284980014,Overground,Orange,12.35290741,N,,,,,,
Kilburn,51.5471715,-0.205002,Jubilee,Grey,7.315124193,,,,,,,
Kilburn High Road,51.537268,-0.191113,Overground,Orange,5.930473129,N,,,,,,
Kilburn Park,51.53495818,-0.193963023,Bakerloo,Brown,5.991705346,,,,,,,
King George V,51.50202,0.06299,DLR,Teal,12.40687349,,,,,,,
King's Cross St.Pancras,51.53057,-0.12399,Circle,Yellow,2.136161838,,,,,,,
King's Cross St.Pancras,51.53057,-0.12399,Hammersmith & City,Pink,2.136161838,,,,,,,
King's Cross St.Pancras,51.53057,-0.12399,Metropolitation,Purple,2.136161838,,,,,,,
King's Cross St.Pancras,51.53057,-0.12399,Northern,Black,2.136161838,,,,,,,
King's Cross St.Pancras,51.53057,-0.12399,Piccadilly,Navy,2.136161838,,,,,,,
King's Cross St.Pancras,51.53057,-0.12399,Victoria,Blue,2.136161838,,,,,,,
Kingsbury,51.58422,-0.2788,Jubilee,Grey,13.84778435,,,,,,,
Knightsbridge,51.50169,-0.1603,Piccadilly,Navy,3.3065333,,,,,,,
Ladbroke Grove,51.5173,-0.21114,Circle,Yellow,6.640434319,,,,,,,
Ladbroke Grove,51.5173,-0.21114,Hammersmith & City,Pink,6.640434319,,,,,,,
Lambeth North,51.49894,-0.11216,Bakerloo,Brown,1.481061024,,,,,,,
Lancaster Gate,51.512083,-0.175067,Central,Red,4.119186349,,,,,,,
Latimer Road,51.513125,-0.218428,Circle,Yellow,7.120703478,,,,,,,
Latimer Road,51.513125,-0.218428,Hammersmith & City,Pink,7.120703478,,,,,,,
Leicester Square,51.51148,-0.12849,Northern,Black,0.898546272,,,,,,,
Leicester Square,51.51148,-0.12849,Piccadilly,Navy,0.898546272,,,,,,,
Lewisham,51.465216,-0.013166,DLR,Teal,8.798493641,,,,,,,
Leyton,51.556483,-0.005669,Central,Red,9.062100322,,,,,,,
Leyton Midland Road,51.569364,-0.008066,Overground,Orange,9.787991945,N,,,,,,
Leytonstone,51.56828,0.00739,Central,Red,10.5507717,,,,,,,
Leytonstone High Road,51.563807,0.008254,Overground,Orange,10.31396994,N,,,,,,
Limehouse,51.5124366,-0.0395511,DLR,Teal,5.258918704,,,,,,,
Liverpool Street,51.517675,-0.082458,Central,Red,2.372087264,,,,,,,
Liverpool Street,51.517675,-0.082458,Circle,Yellow,2.372087264,,,,,,,
Liverpool Street,51.517675,-0.082458,Hammersmith & City,Pink,2.372087264,,,,,,,
Liverpool Street,51.517675,-0.082458,Metropolitation,Purple,2.372087264,,,,,,,
Liverpool Street,51.517598,-0.08225,Overground,Orange,2.383770233,N,,,,,,
London Bridge,51.505353,-0.084826,Jubilee,Grey,2.254041324,,,,,,,
London Bridge,51.505353,-0.084826,Northern,Black,2.254041324,,,,,,,
London City Airport,51.50319,0.04864,DLR,Teal,11.40594959,,,,,,,
London Fields,51.540719,-0.0577,Overground,Orange,5.113258422,N,,,,,,
Loughton,51.6417,0.05583,Central,Red,18.65322629,,,,,,,
Maida Vale,51.52989409,-0.185888819,Bakerloo,Brown,5.254270078,,,,,,,
Manor House,51.57038,-0.09601,Piccadilly,Navy,6.620608593,,,,,,,
Mansion House,51.51256,-0.09397,Circle,Yellow,1.493795996,,,,,,,
Mansion House,51.51256,-0.09397,District,Green,1.493795996,,,,,,,
Marble Arch,51.513597,-0.15869195,Central,Red,2.990634549,,,,,,,
Marylebone,51.52266,-0.162996,Bakerloo,Brown,3.487410234,,,,,,,
Mile End,51.525306,-0.033471,Central,Red,5.865740664,,,,,,,
Mile End,51.525306,-0.033471,District,Green,5.865740664,,,,,,,
Mile End,51.525306,-0.033471,Hammersmith & City,Pink,5.865740664,,,,,,,
Mill Hill East,51.60892,-0.20965,Northern,Black,12.57953869,,,,,,,
Monument,51.510165,-0.085991,Circle,Yellow,2.056298168,,,,,,,
Monument,51.510165,-0.085991,District,Green,2.056298168,,,,,,,
Moor Park,51.62970512,-0.432070848,Metropolitation,Purple,25.48717078,,,,,,,
Moorgate,51.51817,-0.08859,Circle,Yellow,1.983755569,,,,,,,
Moorgate,51.51817,-0.08859,Hammersmith & City,Pink,1.983755569,,,,,,,
Moorgate,51.51817,-0.08859,Metropolitation,Purple,1.983755569,,,,,,,
Moorgate,51.51817,-0.08859,Northern,Black,1.983755569,,,,,,,
Morden,51.40222413,-0.194599126,Northern,Black,13.38847712,,,,,,,
Mornington Crescent,51.53427,-0.13901,Northern,Black,2.952547466,,,,,,,
Mudchute,51.491185,-0.014595,DLR,Teal,7.363997214,,,,,,,
Neasden,51.55427,-0.25042,Jubilee,Grey,10.44195895,,,,,,,
New Cross,51.477363,-0.0338817,Overground,Orange,6.846333966,,,,,,,
New Cross Gate,51.47585,-0.04049,Overground,Orange,6.575529243,,,,,,,
Newbury Park,51.57565,0.08927,Central,Red,15.82891178,,,,,,,
Nine Elms,51.480001,-0.128501,Northern,Black,3.679380649,,,,,,,
North Acton,51.5237,-0.26019,Central,Red,10.09148647,,,,,,,
North Ealing,51.51807,-0.28838,Piccadilly,Navy,11.97835435,,,,,,,
North Greenwich,51.50056,0.0036,Jubilee,Grey,8.345095633,,,,,,,
North Harrow,51.58503612,-0.362595264,Metropolitation,Purple,18.91062315,,,,,,,
North Wembley,51.56258091,-0.304072648,Bakerloo,Brown,14.19663603,,,,,,,
North Wembley,51.56258091,-0.304072648,Overground,Orange,14.19663603,N,,,,,,
Northfields,51.499856,-0.313188,Piccadilly,Navy,13.74677912,,,,,,,
Northolt,51.548054,-0.368257,Central,Red,17.93294721,,,,,,,
Northwick Park,51.57850117,-0.317857023,Metropolitation,Purple,15.81955802,,,,,,,
Northwood,51.61098984,-0.423584422,Metropolitation,Purple,23.9658999,,,,,,,
Northwood Hills,51.60043795,-0.408812575,Metropolitation,Purple,22.52966241,,,,,,,
Norwood Junction,51.396954,-0.07521,Overground,Orange,13.10422748,N,,,,,,
Notting Hill Gate,51.509028,-0.1962847,Central,Red,5.598060251,,,,,,,
Notting Hill Gate,51.509028,-0.1962847,Circle,Yellow,5.598060251,,,,,,,
Notting Hill Gate,51.509028,-0.1962847,District,Green,5.598060251,,,,,,,
Oakwood,51.64739,-0.13192,Piccadilly,Navy,15.08695181,,,,,,,
Old Street,51.52618,-0.08751,Northern,Black,2.493226743,,,,,,,
Osterley,51.481569,-0.35196,Piccadilly,Navy,16.71424682,,,,,,,
Oval,51.48214,-0.11284,Northern,Black,3.335762543,,,,,,,
Oxford Circus,51.51517,-0.14119,Bakerloo,Brown,1.807466769,,,,,,,
Oxford Circus,51.51517,-0.14119,Central,Red,1.807466769,,,,,,,
Oxford Circus,51.51517,-0.14119,Victoria,Blue,1.807466769,,,,,,,
Paddington,51.51518466,-0.175538808,Bakerloo,Brown,4.165912853,,,,,,,
Paddington,51.51518466,-0.175538808,District,Green,4.165912853,,,,,,,
Paddington,51.51909671,-0.176968859,Circle,Yellow,4.321246964,,,,,,,
Paddington,51.51909671,-0.176968859,Hammersmith & City,Pink,4.321246964,,,,,,,
Park Royal,51.52671,-0.28417,Piccadilly,Navy,11.78014787,,,,,,,
Parsons Green,51.47488,-0.20205,District,Green,7.279307175,,,,,,,
Peckham Rye,51.469511,-0.069984,Overground,Orange,5.689248549,N,,,,,,
Penge West,51.418063,-0.060646,Overground,Orange,11.12567134,N,,,,,,
Perivale,51.536673,-0.32391,Central,Red,14.67237469,,,,,,,
Piccadilly Circus,51.51022,-0.13392,Bakerloo,Brown,1.288675831,,,,,,,
Piccadilly Circus,51.51022,-0.13392,Piccadilly,Navy,1.288675831,,,,,,,
Pimlico,51.489081,-0.133037,Victoria,Blue,2.830781442,,,,,,,
Pinner,51.59270271,-0.380539158,Metropolitation,Purple,20.39709856,,,,,,,
Plaistow,51.53122,0.01659,District,Green,9.386122367,,,,,,,
Plaistow,51.53122,0.01659,Hammersmith & City,Pink,9.386122367,,,,,,,
Pontoon Dock,51.50205,0.03308,DLR,Teal,10.34658586,,,,,,,
Poplar,51.507725,-0.016503,DLR,Teal,6.871283721,,,,,,,
Preston Road,51.57229051,-0.295813875,Metropolitation,Purple,14.15024593,,,,,,,
Prince Regent,51.509471,0.033473,DLR,Teal,10.31663273,,,,,,,
Pudding Mill Lane,51.5339,-0.0142,DLR,Teal,7.418964044,,,,,,,
Putney Bridge,51.46868,-0.2088141,District,Green,8.062430566,,,,,,,
Queens Park,51.534179,-0.205257721,Overground,Orange,6.651116338,N,,,,,,
Queen's Park,51.534179,-0.205257721,Bakerloo,Brown,6.67516847,,,,,,,
Queens Road Peckham,51.534313,-0.204798,Overground,Orange,6.651116338,N,,,,,,
Queensbury,51.59437,-0.28655,Jubilee,Grey,14.94970904,,,,,,,
Queensway,51.510484,-0.18705,Central,Red,4.95175106,,,,,,,
Ravenscourt Park,51.49419,-0.2356,District,Green,8.544926913,,,,,,,
Rayners Lane,51.57534,-0.3724,Piccadilly,Navy,19.10429698,,,,,,,
Rectory Road,51.558763,-0.068386,Overground,Orange,6.129465938,N,,,,,,
Redbridge,51.57618,0.04542,Central,Red,13.2168742,,,,,,,
Regent's Park,51.52344,-0.14713,Bakerloo,Brown,2.523717695,,,,,,,
Richmond,51.463233,-0.301739,Overground,Orange,13.99004129,N,,,,,,
Richmond,51.46343247,-0.302033247,District,Green,14.00020503,,,,,,,
Rickmansworth,51.64027898,-0.473521454,Metropolitation,Purple,28.55056432,,,,,,,
Roding Valley,51.61691,0.04264,Central,Red,15.98112817,,,,,,,
Romford,51.574642,0.183055,Overground,Orange,21.78928902,N,,,,,,
Rotherhithe,51.50089,-0.05211,Overground,Orange,4.563519412,,,,,,,
Royal Albert,51.508456,0.046148,DLR,Teal,11.19710305,,,,,,,
Royal Oak,51.519383,-0.187785,Circle,Yellow,5.06421282,,,,,,,
Royal Oak,51.519383,-0.187785,Hammersmith & City,Pink,5.06421282,,,,,,,
Royal Victoria,51.509156,0.018083,DLR,Teal,9.253257736,,,,,,,
Ruislip,51.57146,-0.42157,Metropolitation,Purple,22.16954963,,,,,,,
Ruislip,51.57146,-0.42157,Piccadilly,Navy,22.16954963,,,,,,,
Ruislip Gardens,51.560711,-0.410587,Central,Red,21.11071562,,,,,,,
Ruislip Manor,51.57349,-0.41185,Metropolitation,Purple,21.59861791,,,,,,,
Ruislip Manor,51.57349,-0.41185,Piccadilly,Navy,21.59861791,,,,,,,
Russell Square,51.523243,-0.124336,Piccadilly,Navy,1.381163385,,,,,,,
Seven Sisters,51.58318,-0.07495,Overground,Orange,8.388202296,N,,,,,,
Seven Sisters,51.58318,-0.07495,Victoria,Blue,8.388202296,,,,,,,
Shadwell,51.511853,-0.05548,DLR,Teal,4.156581611,,,,,,,
Shadwell,51.511853,-0.05548,Overground,Orange,4.156581611,N,,,,,,
Shepherd's Bush,51.50474,-0.21881,Central,Red,7.193473319,,,,,,,
Shepherd's Bush,51.574642,0.183055,Overground,Orange,21.78928902,N,,,,,,
Shepherd's Bush Market,51.506063,-0.226231,Circle,Yellow,7.68962717,,,,,,,
Shepherd's Bush Market,51.506063,-0.226231,Hammersmith & City,Pink,7.68962717,,,,,,,
Shoreditch High Street,51.523467,-0.077087,Overground,Orange,2.946223795,N,,,,,,
Silver Street,51.615242,-0.07259,Overground,Orange,11.84781372,N,,,,,,
Sloane Square,51.49258474,-0.156090904,Circle,Yellow,3.547117025,,,,,,,
Sloane Square,51.49258474,-0.156090904,District,Green,3.547117025,,,,,,,
Snaresbrook,51.58002,0.02133,Central,Red,12.1092775,,,,,,,
South Acton,51.49960784,-0.270187631,Overground,Orange,10.79284359,,,,,,,
South Ealing,51.500801,-0.307856,Piccadilly,Navy,13.36919183,,,,,,,
South Hampstead,51.541477,-0.178371,Overground,Orange,5.437622684,N,,,,,,
South Harrow,51.56461,-0.3521,Piccadilly,Navy,17.37176066,,,,,,,
South Kensington,51.494066,-0.172791,Circle,Yellow,4.440580062,,,,,,,
South Kensington,51.494066,-0.172791,District,Green,4.440580062,,,,,,,
South Kensington,51.494066,-0.172791,Piccadilly,Navy,4.440580062,,,,,,,
South Kenton,51.57044666,-0.308566354,Bakerloo,Brown,14.84254408,,,,,,,
South Kenton,51.57044666,-0.308566354,Overground,Orange,14.84254408,N,,,,,,
South Quay,51.500413,-0.018636,DLR,Teal,6.831595242,,,,,,,
South Ruislip,51.556795,-0.398708,Central,Red,20.20690534,,,,,,,
South Tottenham,51.541477,-0.178371,Overground,Orange,5.437622684,N,,,,,,
South Wimbledon,51.41543048,-0.192262754,Northern,Black,11.99051161,,,,,,,
South Woodford,51.59088,0.02726,Central,Red,13.20008686,,,,,,,
Southbury,51.541477,-0.178371,Overground,Orange,5.437622684,N,,,,,,
Southfields,51.444941,-0.206466,District,Green,9.767407271,,,,,,,
Southgate,51.6324,-0.12765,Piccadilly,Navy,13.40378064,,,,,,,
Southwark,51.50384,-0.10478,Jubilee,Grey,1.181869144,,,,,,,
St James Street,51.580609,-0.032805,Overground,Orange,9.527796681,N,,,,,,
St.James's Park,51.49971,-0.13394,Circle,Yellow,1.875332895,,,,,,,
St.James's Park,51.49971,-0.13394,District,Green,1.875332895,,,,,,,
St.John's Wood,51.53472,-0.17428,Jubilee,Grey,4.77960517,,,,,,,
St.Paul's,51.515285,-0.097598,Central,Red,1.29154759,,,,,,,
Stamford Brook,51.494935,-0.24619,District,Green,9.241800915,,,,,,,
Stamford Hill,51.580609,-0.032805,Overground,Orange,9.527796681,N,,,,,,
Stanmore,51.61895,-0.30241,Jubilee,Grey,17.55041269,,,,,,,
Star Lane,51.520604,0.004191,DLR,Teal,8.338958018,,,,,,,
Stepney Green,51.521884,-0.046546,District,Green,4.896809773,,,,,,,
Stepney Green,51.521884,-0.046546,Hammersmith & City,Pink,4.896809773,,,,,,,
Stockwell,51.47224,-0.1227,Northern,Black,4.458956425,,,,,,,
Stockwell,51.47224,-0.1227,Victoria,Blue,4.458956425,,,,,,,
Stoke Newington,51.574448,-0.076668,Overground,Orange,7.436614059,N,,,,,,
Stonebridge Park,51.54402388,-0.275978856,Bakerloo,Brown,11.6527343,,,,,,,
Stonebridge Park,51.54402388,-0.275978856,Overground,Orange,11.6527343,N,,,,,,
Stratford,51.54047,-0.005085,DLR,Teal,8.267424199,,,,,,,
Stratford,51.54047,-0.005085,Overground,Orange,8.267424199,N,,,,,,
Stratford,51.541208,-0.003776,Central,Red,8.382490925,,,,,,,
Stratford,51.541208,-0.003776,Jubilee,Grey,8.382490925,,,,,,,
Sudbury Hill,51.556998,-0.335949,Piccadilly,Navy,16.04195228,,,,,,,
Sudbury Town,51.55093,-0.31598,Piccadilly,Navy,14.5217523,,,,,,,
Surrey Quays,51.49365,-0.04816,Overground,Orange,5.094897915,N,,,,,,
Swiss Cottage,51.54333,-0.17436,Jubilee,Grey,5.349851004,,,,,,,
Sydenham,51.574448,-0.076668,Overground,Orange,7.436614059,N,,,,,,
Temple,51.51114,-0.11341,Circle,Yellow,0.181643703,,,,,,,
Temple,51.51114,-0.11341,District,Green,0.181643703,,,,,,,
Theobalds Grove,51.692373,-0.034748,Overground,Orange,20.80848304,N,,,,,,
Theydon Bois,51.67246,0.10354,Central,Red,23.38867658,,,,,,,
Tooting Bec,51.43578971,-0.159635693,Northern,Black,9.017293054,,,,,,,
Tooting Broadway,51.42780008,-0.167910811,Northern,Black,10.05024427,,,,,,,
Tottenham Court Road,51.51672074,-0.13093911,Central,Red,1.183199945,,,,,,,
Tottenham Court Road,51.51672074,-0.13093911,Northern,Black,1.183199945,,,,,,,
Tottenham Hale,51.588878,-0.059808,Victoria,Blue,9.36761955,,,,,,,
Totteridge & Whetstone,51.63022,-0.17917,Northern,Black,13.85177112,,,,,,,
Tower Gateway,51.510911,-0.073466,DLR,Teal,2.91481427,,,,,,,
Tower Hill,51.50991,-0.076813,Circle,Yellow,2.691220937,,,,,,,
Tower Hill,51.50991,-0.076813,District,Green,2.691220937,,,,,,,
Tufnell Park,51.55663,-0.13813,Northern,Black,5.192981254,,,,,,,
Turkey Street,51.672654,-0.04723,Overground,Orange,18.46681879,N,,,,,,
Turnham Green,51.495143,-0.25406,District,Green,9.770929215,,,,,,,
Turnham Green,51.495143,-0.25406,Piccadilly,Navy,9.770929215,,,,,,,
Turnpike Lane,51.59031,-0.10308,Piccadilly,Navy,8.740029473,,,,,,,
Upminster,51.558763,0.251401,Overground,Orange,25.90538772,N,,,,,,
Upminster,51.55925,0.25177,District,Green,25.94115203,,,,,,,
Upminster Bridge,51.55847,0.23509,District,Green,24.79439279,,,,,,,
Upney,51.53824,0.09998,District,Green,15.19119714,,,,,,,
Upper Holloway,51.563623,-0.129109,Overground,Orange,5.806296331,N,,,,,,
Upton Park,51.53514,0.03373,District,Green,10.64063114,,,,,,,
Upton Park,51.53514,0.03373,Hammersmith & City,Pink,10.64063114,,,,,,,
Uxbridge,51.54687,-0.47725,Metropolitation,Purple,25.31837817,,,,,,,
Uxbridge,51.54687,-0.47725,Piccadilly,Navy,25.31837817,,,,,,,
Vauxhall,51.48603,-0.12369,Victoria,Blue,2.952325396,,,,,,,
Victoria,51.49662869,-0.14400853,Circle,Yellow,2.614995627,,,,,,,
Victoria,51.49662869,-0.14400853,District,Green,2.614995627,,,,,,,
Victoria,51.49662869,-0.14400853,Victoria,Blue,2.614995627,,,,,,,
Walthamstow Central,51.58293,-0.01996,Victoria,Blue,10.28243785,,,,,,,
Walthamstow Central,51.583018,-0.019941,Overground,Orange,10.29077548,N,,,,,,
Walthamstow Queens Road,51.581546,-0.023844,Overground,Orange,9.992546312,N,,,,,,
Wandsworth Road,51.470223,-0.139038,Overground,Orange,4.931611517,N,,,,,,
Wanstead,51.57565,0.02864,Central,Red,12.22145532,,,,,,,
Wanstead Park,51.551778,0.02639,Overground,Orange,10.76393696,N,,,,,,
Wapping,51.50451,-0.05607,Overground,Orange,4.201455865,N,,,,,,
Warren Street,51.5245,-0.1381,Northern,Black,2.08317598,,,,,,,
Warren Street,51.5245,-0.1381,Victoria,Blue,2.08317598,,,,,,,
Warwick Avenue,51.52329728,-0.183777837,Bakerloo,Brown,4.883050738,,,,,,,
Waterloo,51.50322,-0.11328,Bakerloo,Brown,0.998876445,,,,,,,
Waterloo,51.50322,-0.11328,Jubilee,Grey,0.998876445,,,,,,,
Waterloo,51.50322,-0.11328,Northern,Black,0.998876445,,,,,,,
Waterloo,51.50322,-0.11328,Waterloo & City,Mint,0.998876445,,,,,,,
Watford,51.65741058,-0.41745306,Metropolitation,Purple,26.385958,,,,,,,
Watford High Street,51.652654,-0.391697,Overground,Orange,24.66517492,N,,,,,,
Watford Junction,51.663883,-0.396172,Overground,Orange,25.70531019,N,,,,,,
Wembley Central,51.55122817,-0.29577538,Bakerloo,Brown,13.2047785,,,,,,,
Wembley Central,51.55122817,-0.29577538,Overground,Orange,13.2047785,N,,,,,,
Wembley Park,51.56355598,-0.279770242,Jubilee,Grey,12.71855601,,,,,,,
Wembley Park,51.56355598,-0.279770242,Metropolitation,Purple,12.71855601,,,,,,,
West Acton,51.51818,-0.28064,Central,Red,11.44433273,,,,,,,
West Brompton,51.48681,-0.19475,District,Green,6.161512311,,,,,,,
West Brompton,51.48681,-0.19475,Overground,Orange,6.161512311,N,,,,,,
West Croydon,51.378552,-0.102034,Overground,Orange,14.8784553,N,,,,,,
West Finchley,51.60922281,-0.188711152,Northern,Black,11.92614874,,,,,,,
West Ham,51.527917,0.004141,District,Green,8.465840017,,,,,,,
West Ham,51.527917,0.004141,DLR,Teal,8.465840017,,,,,,,
West Ham,51.527917,0.004141,Hammersmith & City,Pink,8.465840017,,,,,,,
West Ham,51.527917,0.004141,Jubilee,Grey,8.465840017,,,,,,,
West Hampstead,51.54657,-0.19055,Jubilee,Grey,6.451374063,,,,,,,
West Hampstead,51.547474,-0.191127,Overground,Orange,6.543419061,N,,,,,,
West Harrow,51.5795432,-0.353144584,Metropolitation,Purple,18.06127261,,,,,,,
West India Quay,51.506723,-0.01988,DLR,Teal,6.647333521,,,,,,,
West Kensington,51.49085,-0.20532,District,Green,6.64796202,,,,,,,
West Ruislip,51.569324,-0.43674,Central,Red,23.10713668,,,,,,,
West Silvertown,51.50335,0.02208,DLR,Teal,9.574187932,,,,,,,
Westbourne Park,51.520995,-0.201778,Circle,Yellow,6.04862295,,,,,,,
Westbourne Park,51.520995,-0.201778,Hammersmith & City,Pink,6.04862295,,,,,,,
Westferry,51.509576,-0.02699,DLR,Teal,6.134605249,,,,,,,
Westminster,51.50121,-0.12489,Circle,Yellow,1.372096123,,,,,,,
Westminster,51.50121,-0.12489,District,Green,1.372096123,,,,,,,
Westminster,51.50121,-0.12489,Jubilee,Grey,1.372096123,,,,,,,
White City,51.512206,-0.224226,Central,Red,7.521092658,,,,,,,
White Hart Lane,51.605035,-0.07087,Overground,Orange,10.78635886,N,,,,,,
Whitechapel,51.51946,-0.05951,District,Green,3.962901279,,,,,,,
Whitechapel,51.51946,-0.05951,Hammersmith & City,Pink,3.962901279,,,,,,,
Whitechapel,51.51946,-0.05951,Overground,Orange,3.962901279,N,,,,,,
Willesden Green,51.54919,-0.22106,Jubilee,Grey,8.384048447,,,,,,,
Willesden Junction,51.53181,-0.24235,Bakerloo,Brown,9.043227741,,,,,,,
Willesden Junction,51.532234,-0.243909,Overground,Orange,9.159283798,N,,,,,,
Wimbledon,51.422,-0.20544,District,Green,11.79550288,,,,,,,
Wimbledon Park,51.43391,-0.19864,District,Green,10.4259656,,,,,,,
Wood Green,51.59709,-0.10939,Piccadilly,Navy,9.460915177,,,,,,,
Wood Lane,51.5091345,-0.2252285,Circle,Yellow,7.597833238,,,,,,,
Wood Lane,51.5091345,-0.2252285,Hammersmith & City,Pink,7.597833238,,,,,,,
Wood Street,51.58667,-0.001954,Overground,Orange,11.4217594,N,,,,,,
Woodford,51.60582,0.03328,Central,Red,14.64472474,,,,,,,
Woodgrange Park,51.549053,0.044572,Overground,Orange,11.81373479,N,,,,,,
Woodside Park,51.61817173,-0.185578888,Northern,Black,12.75027753,,,,,,,
Woolwich Arsenal,51.489907,0.069194,DLR,Teal,13.02307084,,,,,,,
